A0A9D9DAS7	A0A9D9DAS7
A0A9E2NRR5	A0A9E2NRR5
A0A1T4V5A4	A0A1T4V5A4
A0A2X0VFR0	A0A2X0VFR0
A0A2X0WNJ2	A0A2X0WNJ2
A0A316SDY6	A0A316SDY6
A0A662ZBM4	A0A662ZBM4
A0A7X8PPA2	A0A7X8PPA2
A0A9D1WB76	A0A9D1WB76
E8LKX5	E8LKX5
R5ECJ9	R5ECJ9
A0A948WZH3	A0A948WZH3
A0A9D9DB38	A0A9D9DB38
A0A377J0N6	A0A377J0N6
A0A0M1GN10	A0A0M1GN10
A0A140D7L0	A0A140D7L0
A0A140D7L0	A0A379BCN7
A0A140D7L0	A0AAX3GHI7
A0A142G1E7	A0A142G1E7
A0A1B8PCY4	A0A1B8PCY4
A0A1B8QXT6	A0A1B8QXT6
A0A1V3I7I0	A0A1V3I7I0
A0A1V3IFT1	A0A1V3IFT1
A0A1V3IMX6	A0A1V3IMX6
A0A1V3IQ14	A0A1V3IQ14
A0A1V3IXZ0	A0A1V3IXZ0
A0A1V3J2V1	A0A1V3J2V1
A0A1V3JPT0	A0A1V3JPT0
A0A1V3JUA6	A0A1V3JUA6
A0A1V3JXG9	A0A1V3JXG9
A0A1V3KQJ2	A0A1V3KQJ2
A0A1V3KY35	A0A1V3KY35
A0A1W1V5T8	A0A1W1V5T8
A0A2U0TGP2	A0A2U0TGP2
A0A369YW61	A0A369YW61
A0A369YW61	A0AAD2T192
A0A369YW61	F0EUQ2
A0A369Z406	A0A369Z406
A0A377JG74	A0A377JG74
A0A379B5M0	A0A379B5M0
A0A379EV54	A0A379EV54
A0A380TP80	A0A380TP80
A0A380VDE8	A0A380VDE8
A0A3S4GXN0	A0A3S4GXN0
A0A3S4RH64	A0A3S4RH64
A0A3S4RH64	A0A336NBJ4
A0A3S4VKE8	A0A3S4VKE8
A0A486XDJ7	A0A486XDJ7
A0A486XDJ7	A0A379AUR6
A0A4R1KZ63	A0A4R1KZ63
A0A4R2N070	A0A4R2N070
A0A4R6VC41	A0A4R6VC41
A0A4S2PBC8	A0A4S2PBC8
A0A4V3SQ59	A0A4V3SQ59
A0A5C4PS02	A0A5C4PS02
A0A5C4QPU4	A0A5C4QPU4
A0A852PK03	A0A852PK03
A0A8B2TZT0	A0A8B2TZT0
A0A9Q6YZY9	A0A9Q6YZY9
A0A9Q8HT82	A0A9Q8HT82
A0A9Q8HT82	A0A5C4PWT4
A0AAE7Z7X9	A0AAE7Z7X9
E6KWD4	E6KWD4
F9GM71	F9GM71
F9QAG9	F9QAG9
G4A8Q1	G4A8Q1
H1LPV2	H1LPV2
I3D7V6	I3D7V6
Q0I1C8	Q0I1C8
Q0I1C8	A0AAX2S470
Q65RZ2	Q65RZ2
Q9CPA6	Q9CPA6
U1QKA4	U1QKA4
A0A0D0IH06	A0A0D0IH06
A0A0M3FY17	A0A0M3FY17
A0A0Y7LK81	A0A0Y7LK81
A0A112VDI3	A0A112VDI3
A0A1B8QVU2	A0A1B8QVU2
A0A1F0UFB3	A0A1F0UFB3
A0A1V4B2J1	A0A1V4B2J1
A0A2S9SHF8	A0A2S9SHF8
A0A2X1Q0S8	A0A2X1Q0S8
A0A2X1Q0S8	A0A0H3PDS9
A0A2X1Q0S8	A0A2S9RJM6
A0A2X1Q0S8	A0AAN0UGA5
A0A2X1Q0S8	A4MVK2
A0A2X1Q0S8	A4N289
A0A2X1Q0S8	A4NY71
A0A377I989	A0A377I989
A0A3S4U8T0	A0A3S4U8T0
A0A502J8D9	A0A502J8D9
A0A502JXL9	A0A502JXL9
A0A502LP20	A0A502LP20
A0A852PYG9	A0A852PYG9
A0A9X8VZ16	A0A9X8VZ16
A0A9X8VZ16	A0A1B3JIP8
A0AAE5TJH8	A0AAE5TJH8
A0AAP7GZC3	A0AAP7GZC3
A0AAQ1YME8	A0AAQ1YME8
A5UIR7	A5UIR7
A6VQM8	A6VQM8
C9PMY0	C9PMY0
P45069	P45069
Q4QLF3	Q4QLF3
Q4QLF3	A0AAJ8WS05
A0AAW4A1E3	A0AAW4A1E3
A0AAW5LCR1	A0AAW5LCR1
A0AAW6Q9E1	A0AAW6Q9E1
A0AAX3IUE4	A0AAX3IUE4
A0A0C1W2T8	A0A0C1W2T8
A0A0C1W2T8	A0A2Z6ARB1
A0A0C1W2T8	A0AAV3HI07
A0A2A2NAN1	A0A2A2NAN1
A0A2A2NAN1	A0A2N7N329
A0A2A2NAN1	A0AAU9QG99
A0A0M0HL09	A0A0M0HL09
A0A0M0I0A2	A0A0M0I0A2
A0A1W6M112	A0A1W6M112
A0A1W6M112	Q7MNU7
A0A1W6M112	Q19MC7
A0A3Q0L271	A0A3Q0L271
A0A6V7GRE7	A0A6V7GRE7
A0AA47L731	A0AA47L731
U3A5M8	U3A5M8
U3A5M8	A0A6L9FQ08
A0A6V7HJU0	A0A6V7HJU0
A0A6V7QZ84	A0A6V7QZ84
Q19MC6	Q19MC6
Q19MC8	Q19MC8
Q19MC8	Q19MC5
Q19MD1	Q19MD1
Q19MD3	Q19MD3
Q19MD3	A0A6V7GSI1
Q19MD3	A0A9Q3YLV4
Q19MD3	Q87SG0
Q19MD3	A0A072FFG4
Q19MD3	Q19MD2
Q19ME2	Q19ME2
Q19ME2	Q19ME1
Q19ME2	D2YCU0
A0AAV5NUE6	A0AAV5NUE6
A0A2A9F1R1	A0A2A9F1R1
P0A9A6	P0A9A6
P0A9A6	A0A090NKL5
P0A9A6	A0A0E0Y592
P0A9A6	A0A0E2L9X7
P0A9A6	A0A0H2YVY5
P0A9A6	A0A0H3EFF7
P0A9A6	A0A0H3MLS6
P0A9A6	A0A0H3PHL9
P0A9A6	A0A0I3LG75
P0A9A6	A0A140NFM6
P0A9A6	A0A192CGW7
P0A9A6	A0A1Q8M9U0
P0A9A6	A0A1X3ICB8
P0A9A6	A0A1X3J7U4
P0A9A6	A0A1X3JMN6
P0A9A6	A0A2A2XG91
P0A9A6	A0A2S8E618
P0A9A6	A0A454A0Z6
P0A9A6	A0A4P7TPV8
P0A9A6	A0A4P8C908
P0A9A6	A0A6H2GIJ6
P0A9A6	A0A6N3QK59
P0A9A6	A0A6N3R9K5
P0A9A6	A0A7M3S259
P0A9A6	A0A7U9LNR3
P0A9A6	A0A7U9P0S7
P0A9A6	A0A7W4PRK0
P0A9A6	A0A822PDX9
P0A9A6	A0A828UF40
P0A9A6	A0A836NGQ4
P0A9A6	A0A8E0KTE4
P0A9A6	A0A979GCZ3
P0A9A6	A0A9P2GHQ2
P0A9A6	A0A9P2I7Y2
P0A9A6	A0A9Q6UWL5
P0A9A6	A0AA35AD04
P0A9A6	A0AA36KUB3
P0A9A6	A0AAD2RZA6
P0A9A6	A0AAD2V974
P0A9A6	A0AAD2VEG9
P0A9A6	A0AAD2YTH7
P0A9A6	A0AAN1AME1
P0A9A6	A0AAN1S289
P0A9A6	A0AAN3M907
P0A9A6	A0AAN4ADQ7
P0A9A6	A0AAP9MNS2
P0A9A6	A7ZHI6
P0A9A6	B1LG32
P0A9A6	B2U2A0
P0A9A6	B7LFW5
P0A9A6	B7MAL8
P0A9A6	B7MNV4
P0A9A6	B7N7W8
P0A9A6	B7UIE5
P0A9A6	C3TQK2
P0A9A6	D2AHX7
P0A9A6	D3H476
P0A9A6	E0IYT4
P0A9A6	E2XCT2
P0A9A6	F4STP1
P0A9A6	F5NQ23
P0A9A6	I6D6R2
P0A9A6	I6EW89
P0A9A6	P0A9A7
P0A9A6	P0A9A8
P0A9A6	Q1RGA0
P0A9A6	Q32JZ7
P0A9A6	W1F5P9
P0A9A6	W1X3B4
P0A9A6	A0AAV3GZS5
P0A9A6	A0AAV3IBY9
A0A0L8CPD7	A0A0L8CPD7
A0A0L8CPD7	A0A2I3CEM9
A0A0L8CPD7	A0AAP5YWB7
A0A0L8CPD7	A0AAP6CXN0
A0A0L8CPD7	Q19MD5
A0A0L8CPD7	Q19MD7
A0A0L8CPD7	A0AAW7A101
A0A0L8CPD7	A0AAW9AE30
A0A0L8CPD7	A0AAW9AX69
A0A0L8CPD7	A0AAW9BHQ0
A0A2D3TCC0	A0A2D3TCC0
A0A370R1Q0	A0A370R1Q0
A0AA36USR5	A0AA36USR5
C4K731	C4K731
A0A0B5HLE3	A0A0B5HLE3
A0A0E3U4G9	A0A0E3U4G9
A0A249DYP8	A0A249DYP8
A0A2B7MGE4	A0A2B7MGE4
A0A2B7MGE4	A0A7U9DEB0
A0A2B7MGE4	A0A9X0PVX5
A0A2B7MGE4	A0AAJ3P2I9
A0A2D0UKK0	A0A2D0UKK0
A0A2T3RTV8	A0A2T3RTV8
A0A2T3RTV8	A0A0K4FK65
A0A2W6PFK5	A0A2W6PFK5
A0A446F0B6	A0A446F0B6
A0A5B9AMC7	A0A5B9AMC7
A0A5F1I6E9	A0A5F1I6E9
A0A5F1I6E9	A0A5F1FAI5
A0A6B2FVF8	A0A6B2FVF8
A0A6N8QV18	A0A6N8QV18
A0A793XVZ7	A0A793XVZ7
A0A793XVZ7	A0A403M0X4
A0A829L0C6	A0A829L0C6
A0A829L0C6	A0A0J2BQT8
A0AAN4NXV0	A0AAN4NXV0
A0AAN4NXV0	A0A167EFK8
Q3Z5R4	Q3Z5R4
Q83MF6	Q83MF6
Q83MF6	Q0T8A2
S1PDL3	S1PDL3
A0A2J8FYZ6	A0A2J8FYZ6
A0A6G7CKT3	A0A6G7CKT3
A0A9X3CBL0	A0A9X3CBL0
A0A521RT60	A0A521RT60
A0A2N7D9C8	A0A2N7D9C8
A0A379ATK1	A0A379ATK1
A0A1T0BBN6	A0A1T0BBN6
A0A3A2I396	A0A3A2I396
A0A6V7HM75	A0A6V7HM75
A0A6V7HM75	A7MXQ5
A0A6V7HM75	A0A0A3ENT0
A0A6V7HMB2	A0A6V7HMB2
A0A7Y4AKN8	A0A7Y4AKN8
A0A066UIE7	A0A066UIE7
A0A1C3J4E4	A0A1C3J4E4
A0A1C3J4E4	A0A1E5F2F8
A0A1C3J4E4	A0A2N7I8D7
A0A1C3J4E4	B7VJ07
A0A7Z2YCZ6	A0A7Z2YCZ6
A0A084TGT5	A0A084TGT5
A0A084TGT5	A0A9Q5PB10
A0A084TGT5	A0A2S9ZN30
A0A085Q228	A0A085Q228
A0A085Q228	Q19MC9
A0A085Q228	Q19MD0
A0A085Q228	A0A0H3AHG0
A0A085Q228	A0A0K9URU7
A0A085Q228	A0A0Q0SVW7
A0A085Q228	A0A366A598
A0A085Q228	C3LQU2
A0A085Q228	Q9KPH1
A0A085Q228	A0A0X1KZF5
A0A090S4N4	A0A090S4N4
A0A090U071	A0A090U071
A0A099LSW7	A0A099LSW7
A0A0A5HYT2	A0A0A5HYT2
A0A0C2NK85	A0A0C2NK85
A0A0F4NH97	A0A0F4NH97
A0A0H2MXV5	A0A0H2MXV5
A0A0H2MXV5	A0A177XU83
A0A0H2MXV5	A0A178JGK4
A0A0H2MXV5	A0AAE5LIQ5
A0A0H2MXV5	F9T615
A0A0T7EPF5	A0A0T7EPF5
A0A0T7EPF5	A0A1C3JCJ8
A0A0T7EPF5	A0A1E5FWC2
A0A0T7EPF5	A0A4U1W2U8
A0A0T7EPF5	A0A4U2BVF3
A0A0T7EPF5	A0A5M9N4K8
A0A0T7EPF5	A0A7Y7TCR4
A0A0T7EPF5	A0A0T7CV46
A0A0W8JED5	A0A0W8JED5
A0A151KT50	A0A151KT50
A0A191W611	A0A191W611
A0A191W611	A0A223MZL0
A0A191W611	A0A233HFF8
A0A191W611	A0AAW8GU76
A0A1B9PSI1	A0A1B9PSI1
A0A1B9PSI1	A0A1A6L9Z5
A0A1C7F756	A0A1C7F756
A0A1C7F756	F9RHA5
A0A1C7F756	F9RLB6
A0A1E5BJV7	A0A1E5BJV7
A0A1E5BJV7	A0A1B9QZ32
A0A1G7W2I0	A0A1G7W2I0
A0A1H5XMG3	A0A1H5XMG3
A0A1J5KR65	A0A1J5KR65
A0A1M4WRG5	A0A1M4WRG5
A0A1M5WR49	A0A1M5WR49
A0A1M7YVU3	A0A1M7YVU3
A0A1N6M173	A0A1N6M173
A0A1Q9HCJ9	A0A1Q9HCJ9
A0A1R3FCN3	A0A1R3FCN3
A0A1R3FCN3	A0A7W4C7Y0
A0A1R3FCN3	A0A2G4AXF5
A0A1R4AZN8	A0A1R4AZN8
A0A1T4N1J4	A0A1T4N1J4
A0A1X1MM36	A0A1X1MM36
A0A1Y6IRE8	A0A1Y6IRE8
A0A1Z2SDD7	A0A1Z2SDD7
A0A240EDY7	A0A240EDY7
A0A2K7SRE0	A0A2K7SRE0
A0A2M8GUB6	A0A2M8GUB6
A0A2N7CZK2	A0A2N7CZK2
A0A2N7GCX6	A0A2N7GCX6
A0A2N7IQQ7	A0A2N7IQQ7
A0A2N7IQQ7	A0A7V7TGC7
A0A2N7IQQ7	A0A7Y4CN30
A0A2N7J3H4	A0A2N7J3H4
A0A2N7J3H4	A0A1R3FRZ4
A0A2N7JJW6	A0A2N7JJW6
A0A2N7KB50	A0A2N7KB50
A0A2S7VBH0	A0A2S7VBH0
A0A2S7VBH0	A0A165XPU0
A0A2U3BCX6	A0A2U3BCX6
A0A317ZZ84	A0A317ZZ84
A0A366XDQ4	A0A366XDQ4
A0A366XDQ4	A0A1E5D7X5
A0A3A6QNC1	A0A3A6QNC1
A0A3N3E4F7	A0A3N3E4F7
A0A3N9TGT5	A0A3N9TGT5
A0A3R9EIG1	A0A3R9EIG1
A0A432CW15	A0A432CW15
A0A4U1Z2F5	A0A4U1Z2F5
A0A4U1Z2F5	A0A109DB64
A0A4U1ZLF4	A0A4U1ZLF4
A0A4Y3HUA3	A0A4Y3HUA3
A0A4Y3IN65	A0A4Y3IN65
A0A4Y8WCX5	A0A4Y8WCX5
A0A511QN72	A0A511QN72
A0A544KGA0	A0A544KGA0
A0A5N3SEG5	A0A5N3SEG5
A0A5P9B3Y2	A0A5P9B3Y2
A0A5P9CN02	A0A5P9CN02
A0A5Q0TFM2	A0A5Q0TFM2
A0A6I5IV87	A0A6I5IV87
A0A6I5IV87	A0A7X4X6B9
A0A6I5IV87	A0A7X4XDS8
A0A6I5IV87	A0A7X5BD72
A0A6I5IV87	A0A7X5BGW4
A0A6I5IV87	A0A7Y3Q0T7
A0A6I5IV87	A0A7Y3VWC3
A0A6L8M202	A0A6L8M202
A0A6V7GWA1	A0A6V7GWA1
A0A7W2FQA6	A0A7W2FQA6
A0A7X4RT33	A0A7X4RT33
A0A7X8YGE1	A0A7X8YGE1
A0A7Y3YLQ8	A0A7Y3YLQ8
A0A7Y3YW95	A0A7Y3YW95
A0A7Y4A065	A0A7Y4A065
A0A7Y4C7F3	A0A7Y4C7F3
A0A7Y4EII4	A0A7Y4EII4
A0A853R4E0	A0A853R4E0
A0A975U875	A0A975U875
A0A9E6JBT8	A0A9E6JBT8
A0A9Q9CT72	A0A9Q9CT72
A0A9X1WC45	A0A9X1WC45
A0A9X1XLU4	A0A9X1XLU4
A0A9X3CL31	A0A9X3CL31
A0A9X4FFG1	A0A9X4FFG1
A0A9X4IS79	A0A9X4IS79
A0AA34XPD8	A0AA34XPD8
A0AA44JUS2	A0AA44JUS2
A0AA46UHW9	A0AA46UHW9
A0AA92R6A4	A0AA92R6A4
A0AAI9CSX1	A0AAI9CSX1
A0AAJ4AI07	A0AAJ4AI07
A0AAJ4LUN4	A0AAJ4LUN4
A0AAJ4LUN4	A0A0F2I7L4
C9QMT3	C9QMT3
D0IM18	D0IM18
E3BQ91	E3BQ91
E8LNE6	E8LNE6
E8M7G6	E8M7G6
F9RWU6	F9RWU6
V5EZH5	V5EZH5
V5EZH5	A0A6I1QFT7
A0A0B8NSS4	A0A0B8NSS4
A0A0K2BL56	A0A0K2BL56
A0A2A4UPM2	A0A2A4UPM2
A0A2A5AM91	A0A2A5AM91
A0A366AGP4	A0A366AGP4
A0A366AGP4	A0A5C9STR1
A0A5P2FZG5	A0A5P2FZG5
A0A5P2FZG5	A0A1R4LHP5
A0A6G8D4Z2	A0A6G8D4Z2
A0A7X6N502	A0A7X6N502
A0A833IRC9	A0A833IRC9
A0A9X0R4R7	A0A9X0R4R7
A0A9X0R4R7	A0AAU6SPG4
A0A9X0R4R7	A0AAU6VFF4
A0A9X0R4R7	A0AAW8GLS8
A0AAN0N9M8	A0AAN0N9M8
A0AAN0N9M8	A0A7Z1MDS6
A0AAN0XSW1	A0AAN0XSW1
A0AAN1KM68	A0AAN1KM68
A0AAP8SYD1	A0AAP8SYD1
A0AAQ2FMP1	A0AAQ2FMP1
A0AAQ2FMP1	A0AAE4M6Y7
Q19MC4	Q19MC4
Q19MC4	A0A087IZF5
Q19MD4	Q19MD4
Q19MD9	Q19MD9
Q19MD9	A0A0Q2Y0N2
Q19ME0	Q19ME0
Q19ME0	A0A2J9UYH5
U3AL98	U3AL98
A0AAU6SYM5	A0AAU6SYM5
A0AAU6SYM5	A0AAU6UH28
A0AAU6SYM5	A0AAU6UTF0
A0AAU6TGH4	A0AAU6TGH4
A0AAU8BKQ8	A0AAU8BKQ8
A0AAW7A1L0	A0AAW7A1L0
A0AAX2LRQ8	A0AAX2LRQ8
A0AAX2LRQ8	S7I1B0
K5US04	K5US04
A0A9X3MER7	A0A9X3MER7
A0A6V7GSW7	A0A6V7GSW7
A0A6V7GSW7	A0AAN0Y0U6
A0A2N0XTF8	A0A2N0XTF8
U4KCH2	U4KCH2
U4KCH2	A0AAV2VW65
